dataset,task_type,variant,variant_label,config_hash,field_on_output,is_alpha_trainable,use_delta_or_bias,lambda_init,psi_init,epochs_requested,batch_size,hidden_1,hidden_2,hidden_3,weight_decay,label_smoothing,selected_lr,selection_metric,selection_direction,n_runs,n_unique_seeds,expected_seeds,complete_seed_set,best_val_loss_mean,best_val_loss_std,best_val_accuracy_pct_mean,best_val_accuracy_pct_std,best_val_top5_accuracy_pct_mean,best_val_top5_accuracy_pct_std,best_val_mse_mean,best_val_mse_std,best_val_rmse_mean,best_val_rmse_std,best_val_rmse_usd_mean,best_val_rmse_usd_std,best_val_mae_mean,best_val_mae_std,best_val_mae_usd_mean,best_val_mae_usd_std,best_val_r2_mean,best_val_r2_std,test_loss_mean,test_loss_std,test_accuracy_pct_mean,test_accuracy_pct_std,test_top5_accuracy_pct_mean,test_top5_accuracy_pct_std,test_mse_mean,test_mse_std,test_rmse_mean,test_rmse_std,test_rmse_usd_mean,test_rmse_usd_std,test_mae_mean,test_mae_std,test_mae_usd_mean,test_mae_usd_std,test_r2_mean,test_r2_std,field1_lambda_mean,field1_lambda_std,field1_psi_mean,field1_psi_std,field2_lambda_mean,field2_lambda_std,field2_psi_mean,field2_psi_std,field3_lambda_mean,field3_lambda_std,field3_psi_mean,field3_psi_std,output_lambda_mean,output_lambda_std,output_psi_mean,output_psi_std,train_seconds_mean,train_seconds_std
california_housing,regression,aptx_field,APTx Neuron + Lambda-Psi,66b8428c8eb2,0,1,1,0.5,0.5,200,128,128,64,32,0.0001,0.0,0.003,best_val_rmse_mean,min,5,5,5,1,0.2532553989757863,0.007838492217122166,,,,,0.25325539917169443,0.007838492803848324,0.5031969140363453,0.007767309379166787,50319.691403634526,776.73093791668,0.3372021431955256,0.007863468958996816,33720.214319552564,786.3468958996835,0.8213756963830352,0.005528590202117539,0.2610188309536424,0.009805544049416031,,,,,0.26101883017518646,0.009805543861280354,0.5108289807109031,0.009525140487556639,51082.89807109032,952.5140487556656,0.3392119963566751,0.007384956499809941,33921.19963566751,738.4956499809931,0.7980323989610265,0.00758720039169608,0.7346406579017639,0.024117339406504047,0.5771121978759766,0.05385382724929728,0.7988163590431213,0.05715263389875873,0.6690965414047241,0.03240413397459397,0.8400005459785461,0.03114831952415032,0.708726954460144,0.022389304341747174,,,,,212.4894149463624,27.642883066881875
california_housing,regression,aptx_field_relu,APTx Neuron + Lambda-Psi + ReLU,cdd33e2efe00,0,1,1,0.5,0.5,200,128,128,64,32,0.0001,0.0,0.003,best_val_rmse_mean,min,5,5,5,1,0.27791343363680576,0.008760080744415795,,,,,0.27791343575724897,0.008760081425661462,0.5271219949186653,0.008354507033300493,52712.19949186654,835.4507033300503,0.358484110672229,0.006498290214563574,35848.4110672229,649.8290214563559,0.8039840647413726,0.00617859855862681,0.2804157006186109,0.005722307726367996,,,,,0.28041570083677153,0.0057223100085114385,0.5295208692697843,0.0054025277120412964,52952.08692697843,540.25277120413,0.3563034820363157,0.005121043898488726,35630.34820363157,512.1043898488742,0.7830237521421197,0.00442773122553907,0.5825252056121826,0.024942605136953257,0.5706778407096863,0.01899048966977937,0.598694097995758,0.015329357455426807,0.5627609133720398,0.01412473026477697,0.5996634483337402,0.023425446201338768,0.5472927927970886,0.020218411633017283,,,,,101.59487581467256,23.186881133267022
california_housing,regression,aptx_relu_field,APTx Neuron + ReLU + Lambda-Psi,26b8762a12eb,0,1,1,0.5,0.5,200,128,128,64,32,0.0001,0.0,0.003,best_val_rmse_mean,min,5,5,5,1,0.2672834888909214,0.0021576657620280167,,,,,0.26728348846606365,0.0021576664748439857,0.5169912977624237,0.002087613466576256,51699.12977624237,208.76134665762524,0.3486074075767005,0.0029007325408404736,34860.74075767005,290.0732540840493,0.8114815038427036,0.001521830029161183,0.2704122395940529,0.0024438971321998158,,,,,0.2704122396502249,0.00244389740280791,0.5200075058065956,0.0023541333406178256,52000.75058065956,235.41333406178134,0.34979117900393036,0.0007606095147027635,34979.11790039304,76.06095147027652,0.7907640943104502,0.0018910056998539635,0.6373343229293823,0.06519656388691251,0.4491287112236023,0.036268894857068475,0.7213517904281617,0.0667920186460808,0.5818942070007325,0.02339664348985864,0.6990940570831299,0.06717608273276512,0.6040273785591126,0.05013394622857375,,,,,155.35150753883644,11.187105948094638
california_housing,regression,traditional_field,Traditional neuron + Lambda-Psi,8d6127bb084a,0,1,1,0.5,0.5,200,128,128,64,32,0.0001,0.0,0.003,best_val_rmse_mean,min,5,5,5,1,0.2778190801309985,0.004578869492970837,,,,,0.2778190786773556,0.004578868074599175,0.5270711595285251,0.004340430654277711,52707.11595285251,434.04306542777306,0.3566677942554387,0.004238807438057764,35666.779425543864,423.880743805776,0.8040506160083641,0.0032295347852573674,0.2791067450545555,0.0062453943884754155,,,,,0.2791067450154622,0.00624539558961022,0.5282792802541403,0.005889298518250141,52827.92802541404,588.9298518250147,0.3534611536796356,0.005810638173070104,35346.11536796357,581.0638173070113,0.784036578178151,0.004832477273483961,0.5316939234733582,0.07822882801721544,0.13653847724199294,0.05188911669235005,0.9536794900894165,0.014020700404309685,0.38843445777893065,0.0597027493773036,0.7153644919395447,0.08706774155584672,0.47683862447738645,0.011586796615313207,,,,,357.82114007361236,18.29279631510865
california_housing,regression,traditional_field_relu,Traditional neuron + Lambda-Psi + ReLU,db7891f4d117,0,1,1,0.5,0.5,200,128,128,64,32,0.0001,0.0,0.003,best_val_rmse_mean,min,5,5,5,1,0.25266980228498,0.005707616604031554,,,,,0.2526698017806514,0.005707616247127542,0.5026369940797488,0.005684844228960499,50263.69940797488,568.4844228960496,0.3345601368060177,0.0033412639363852867,33456.01368060177,334.1263936385272,0.8217887257854372,0.004025655448178029,0.25975925751434736,0.006100582284029862,,,,,0.2597592575120029,0.006100584232653157,0.5096376669054469,0.005990198575136418,50963.76669054469,599.0198575136413,0.3338460320953366,0.003663410629144975,33384.60320953366,366.341062914496,0.799007013968483,0.0047204271108646995,0.38770747780799864,0.03470325811066652,0.4940416932106018,0.014562481431447272,0.4938588201999664,0.030711522109444514,0.40695215463638307,0.015592450637947551,0.5035494685173034,0.007167028250809926,0.4440495610237122,0.006595377406108809,,,,,253.4403762809001,31.6791355937978
california_housing,regression,traditional_relu_field,Traditional neuron + ReLU + Lambda-Psi,8eab473db429,0,1,1,0.5,0.5,200,128,128,64,32,0.0001,0.0,0.003,best_val_rmse_mean,min,5,5,5,1,0.2545828047417855,0.00378089284073788,,,,,0.2545828061573542,0.003780889832099658,0.5045508427350669,0.00375054207548647,50455.08427350668,375.05420754864673,0.3418244231954332,0.0040780340694132056,34182.44231954332,407.8034069413207,0.820439459093701,0.002666710425602449,0.26723488486090374,0.004427419064257632,,,,,0.2672348847176045,0.004427418281714941,0.5169335290166508,0.004273654173533072,51693.35290166508,427.36541735330866,0.34501494791416465,0.00358800607413745,34501.494791416466,358.8006074137441,0.7932226248040549,0.0034257875133143142,0.27452138662338255,0.01709277860433648,0.30304924249649046,0.014575658373257638,0.28428871631622316,0.025197319463679042,0.5116973936557769,0.010625773984313905,0.4517880916595459,0.019760052887508952,0.4749819219112396,0.004020651781940305,,,,,213.6057869648561,43.876705759051504
cifar10,classification,aptx_field,APTx Neuron + Lambda-Psi,f29d0036035f,0,1,1,0.5,0.5,100,64,384,256,192,0.0002,0.05,0.003,best_val_accuracy_pct_mean,max,5,5,5,1,1.2305396492385863,0.007562204347984333,62.564,0.5402591970526719,95.752,0.23815961034567054,,,,,,,,,,,,,1.235939871749878,0.008338591721808248,62.455999999999996,0.42852071128476427,95.924,0.05079370039679667,,,,,,,,,,,,,0.9690780878067017,0.0006686574278993678,0.7478199124336242,0.006764911529411228,0.9460164785385132,0.00269013395062743,0.794768750667572,0.00786876034859538,0.9718842744827271,0.0019876206409785917,0.8741725087165833,0.007768874439711192,,,,,989.7855246759485,54.41041695487107
cifar10,classification,aptx_field_relu,APTx Neuron + Lambda-Psi + ReLU,727ce2f1ecba,0,1,1,0.5,0.5,100,64,384,256,192,0.0002,0.05,0.002,best_val_accuracy_pct_mean,max,5,5,5,1,2.314429970016479,0.017969275427224575,10.6,0.05656854249492385,50.324,0.4930314391598174,,,,,,,,,,,,,2.3114371339416504,0.014062272556302213,10.008,0.013038404810405019,50.016,0.020736441353326508,,,,,,,,,,,,,0.5412230730056763,0.008251310708981087,0.5389016151428223,0.007778429480244534,0.5412589073181152,0.008267704912483907,0.5397502422332764,0.020887147346387136,0.5300715029239654,0.021653087507714986,0.5826892137527466,0.047067988273014144,,,,,252.64545265333726,101.59908164622115
cifar10,classification,aptx_relu_field,APTx Neuron + ReLU + Lambda-Psi,676ec11cc646,0,1,1,0.5,0.5,100,64,384,256,192,0.0002,0.05,0.003,best_val_accuracy_pct_mean,max,5,5,5,1,1.3825918528366088,0.013646808964494172,55.708000000000006,0.7392699101140271,93.904,0.35196590743991313,,,,,,,,,,,,,1.384801958389282,0.011329683547623379,55.258,0.46034769468305287,94.096,0.1289573572930221,,,,,,,,,,,,,0.9306457042694092,0.008652110296535578,0.4688844680786133,0.10954818385764972,0.8638767242431641,0.039719381906636125,0.550009834766388,0.03511854970307208,0.9565098881721497,0.008786120947858116,0.843051815032959,0.01033726285804463,,,,,3811.9372143578717,288.0723750748631
cifar10,classification,traditional_field,Traditional neuron + Lambda-Psi,355a35575255,0,1,1,0.5,0.5,100,64,384,256,192,0.0002,0.05,0.001,best_val_accuracy_pct_mean,max,5,5,5,1,1.4050425158691406,0.007031984633325308,55.164,0.4504220243282976,93.63199999999999,0.18633303518163347,,,,,,,,,,,,,1.4050058179473877,0.007332557086431368,54.66799999999999,0.40307567527698873,93.672,0.23721298446754457,,,,,,,,,,,,,0.9585960745811463,0.0029687852828776235,0.6853432536125184,0.010266142230429435,0.983295738697052,0.0011652370718429393,0.12655579745769502,0.0175822209459079,0.9559308886528015,0.005512096200446508,0.025397198088467122,0.008663540500421004,,,,,738.6844944908283,9.65083404690547
cifar10,classification,traditional_field_relu,Traditional neuron + Lambda-Psi + ReLU,5d67b6f1b406,0,1,1,0.5,0.5,100,64,384,256,192,0.0002,0.05,0.002,best_val_accuracy_pct_mean,max,5,5,5,1,1.3669596214103699,0.010813147272789137,58.263999999999996,0.1818790807102363,93.924,0.3179308100829434,,,,,,,,,,,,,1.3837684719848633,0.008117867207946017,57.65599999999999,0.3370904923014018,93.88,0.20615528128087734,,,,,,,,,,,,,0.7593989372253418,0.0070183041362148245,0.6010387182235718,0.004111674051602602,0.8544388771057129,0.007650580164995742,0.486324805021286,0.021032809973305776,0.8929734945297241,0.03129337893547115,0.34974355101585386,0.013053051202770661,,,,,685.3319126316346,55.55976973103864
cifar10,classification,traditional_relu_field,Traditional neuron + ReLU + Lambda-Psi,ee8ae7416f90,0,1,1,0.5,0.5,100,64,384,256,192,0.0002,0.05,0.001,best_val_accuracy_pct_mean,max,5,5,5,1,1.3372892853546143,0.007014349089420621,57.86800000000001,0.45157502145269485,94.53999999999999,0.34612136599754023,,,,,,,,,,,,,1.3421004384994508,0.010154794336049463,57.70799999999999,0.6031334843962817,94.548,0.23285188425262787,,,,,,,,,,,,,0.5015147686004638,0.009739425843770149,0.09182668030261994,0.0036890876958245414,0.7003228187561035,0.010776978355660471,0.16376928389072418,0.012276595111213205,0.6005486965179443,0.01984613114192784,0.46525338292121887,0.004925292821248435,,,,,684.4831260330509,48.87094214229048
cifar100,classification,aptx_field,APTx Neuron + Lambda-Psi,83671377c1ae,0,1,1,0.5,0.5,100,64,384,256,192,0.0001,0.0,0.003,best_val_accuracy_pct_mean,max,5,5,5,1,2.921968965187073,0.03288622070232612,32.86,0.15297058540778355,61.58,0.0860232526704265,,,,,,,,,,,,,2.9351311335754398,0.0344104173576649,33.164,0.3295906552073354,61.791999999999994,0.19485892332659488,,,,,,,,,,,,,0.973671555519104,0.0009211108580150874,0.7854965329170227,0.009000028277175524,0.9287634015083313,0.004134610587289057,0.824697744846344,0.0068771096407548955,0.9425857186317443,0.0021986962485322434,0.8373355031013489,0.011011746318910191,,,,,3914.283313937392,196.06224650719463
cifar100,classification,aptx_field_relu,APTx Neuron + Lambda-Psi + ReLU,b92a0ae73751,0,1,1,0.5,0.5,100,64,384,256,192,0.0001,0.0,0.003,best_val_accuracy_pct_mean,max,5,5,5,1,4.618314058227539,0.024266096569267114,1.024,0.08173126696681021,4.396,0.2535350074447315,,,,,,,,,,,,,4.6142658389282225,0.010990658100449153,1.0,0.0,5.0,0.0,,,,,,,,,,,,,0.5412554383277893,0.014757127807908648,0.5230428099632263,0.01575953087044851,0.5419359803199768,0.014768215668132193,0.5340340733528137,0.03684477023979234,0.5070523500442505,0.03955747125284518,0.5769456028938293,0.03580385003248756,,,,,443.1383615382016,122.68964646309604
cifar100,classification,aptx_relu_field,APTx Neuron + ReLU + Lambda-Psi,8ec0308f83a1,0,1,1,0.5,0.5,100,64,384,256,192,0.0001,0.0,0.0005,best_val_accuracy_pct_mean,max,5,5,5,1,4.685009029693603,0.07995028915414965,1.1280000000000001,0.0701427116670007,5.076,0.2699629604223509,,,,,,,,,,,,,4.730749642028808,0.10263240138900595,1.004,0.008944271909999166,4.99,0.04527692569068705,,,,,,,,,,,,,0.5306978106498719,0.014803974526422937,0.5477494716644287,0.02642849257241219,0.5199934363365173,0.010185072132690919,0.5506223201751709,0.024398331863885483,0.48569817543029786,0.030180832911127206,0.603769040107727,0.09589869329237379,,,,,263.9180385485291,45.427050090534244
cifar100,classification,traditional_field,Traditional neuron + Lambda-Psi,0bebecbb5633,0,1,1,0.5,0.5,100,64,384,256,192,0.0001,0.0,0.003,best_val_accuracy_pct_mean,max,5,5,5,1,3.1128916274261473,0.014135462113705989,26.052,0.4511319097558938,53.152,0.6163765083129022,,,,,,,,,,,,,3.1282323239135743,0.006695674531430583,25.889999999999997,0.3616628264005012,53.622,0.2734410356914277,,,,,,,,,,,,,0.9819880127906799,0.0011269776570955157,0.9124363183975219,0.004691642727422743,0.9892314076423645,0.0011044539642061243,0.4512804627418518,0.03431380917382999,0.9982861042022705,0.00019923630482029063,0.019627505168318748,0.017676346283366208,,,,,807.5792293782346,74.80559363597311
cifar100,classification,traditional_field_relu,Traditional neuron + Lambda-Psi + ReLU,7181d8625268,0,1,1,0.5,0.5,100,64,384,256,192,0.0001,0.0,0.003,best_val_accuracy_pct_mean,max,5,5,5,1,3.204990956115723,0.0415179955900184,26.592000000000002,0.1063954886261648,53.872,0.5252808772456915,,,,,,,,,,,,,3.2414376889801026,0.04033910559315876,26.362000000000002,0.35336949500487475,53.414,0.337831318856023,,,,,,,,,,,,,0.8555106401443482,0.0010204582196587622,0.6033855557441712,0.003028828885439534,0.9095057964324951,0.007958348265064039,0.38806349635124204,0.010211877146147673,0.7568053245544434,0.012006207282337769,0.4134245336055756,0.004080438687197624,,,,,705.19800663637,30.937538580370926
cifar100,classification,traditional_relu_field,Traditional neuron + ReLU + Lambda-Psi,163c4235d84d,0,1,1,0.5,0.5,100,64,384,256,192,0.0001,0.0,0.001,best_val_accuracy_pct_mean,max,5,5,5,1,3.031294460411072,0.022020182847078403,26.468,0.5332166539034584,54.676,0.46203895939628054,,,,,,,,,,,,,3.0650389358520505,0.012908135485811802,25.96,0.5184110338331921,54.358000000000004,0.6219083533769295,,,,,,,,,,,,,0.6394222736358642,0.009920069657586999,0.16841163039207457,0.003303372773642131,0.6972132802009583,0.009493786555118636,0.24984408617019654,0.015789081576344812,0.33809723854064944,0.010348521528349823,0.13857289850711824,0.005815884104162451,,,,,741.8637940976769,61.33049038454245
fashion_mnist,classification,aptx_field,APTx Neuron + Lambda-Psi,e9043b469810,0,1,1,0.5,0.5,100,128,256,192,128,0.0001,0.0,0.003,best_val_accuracy_pct_mean,max,5,5,5,1,0.28453238215923304,0.005637035049097169,90.44000000000001,0.4144876355212529,99.872,0.04147288270665816,,,,,,,,,,,,,0.28737066304683684,0.00993632667972585,89.898,0.44245903765207373,99.876,0.0270185121722109,,,,,,,,,,,,,0.8661311864852905,0.001392983957118646,0.7355371713638306,0.01227387066146075,0.8853645563125611,0.00510896606403825,0.7725075125694275,0.006867778052018549,0.9307352781295777,0.0032709757461539526,0.8632179141044617,0.005195726556574591,,,,,456.23377824500204,78.89648362083477
fashion_mnist,classification,aptx_field_relu,APTx Neuron + Lambda-Psi + ReLU,961f650e1d0f,0,1,1,0.5,0.5,100,128,256,192,128,0.0001,0.0,0.003,best_val_accuracy_pct_mean,max,5,5,5,1,0.3111561755371094,0.009285305957849066,89.34,0.27640549922170354,99.824,0.05727128425310568,,,,,,,,,,,,,0.3192444203090668,0.007396999600959035,88.654,0.36149688795341783,99.78999999999999,0.029154759474225578,,,,,,,,,,,,,0.8603629112243653,0.0065169062964767575,0.5807841658592224,0.005692312090490093,0.8195684075355529,0.014074506883105426,0.6283252716064454,0.014876832002935254,0.7821504712104798,0.014577520451107736,0.5394779920578003,0.018756814631574182,,,,,446.53948086504823,57.30205907824217
fashion_mnist,classification,aptx_relu_field,APTx Neuron + ReLU + Lambda-Psi,5232102548cf,0,1,1,0.5,0.5,100,128,256,192,128,0.0001,0.0,0.002,best_val_accuracy_pct_mean,max,5,5,5,1,0.31093552109718325,0.006555710620395782,88.94800000000001,0.12774975538137157,99.856,0.038470768123345746,,,,,,,,,,,,,0.31668969867229463,0.004815270959790201,88.492,0.3762578902827157,99.80799999999999,0.03271085446758596,,,,,,,,,,,,,0.8161693334579467,0.002715585750181166,0.4656486988067627,0.024374252261461133,0.8519648313522339,0.008403253691487441,0.5745280861854554,0.01260472667211374,0.9020175099372864,0.017760491014466997,0.6896149158477783,0.01630913687457718,,,,,537.7609483700246,140.68785676917514
fashion_mnist,classification,traditional_field,Traditional neuron + Lambda-Psi,cc397fda0293,0,1,1,0.5,0.5,100,128,256,192,128,0.0001,0.0,0.002,best_val_accuracy_pct_mean,max,5,5,5,1,0.30338632139205934,0.0028792645173106425,89.364,0.2006987792688366,99.892,0.048166378315175534,,,,,,,,,,,,,0.31087171103954314,0.005594261044357374,88.77000000000001,0.21644860821913586,99.84,0.023452078799120056,,,,,,,,,,,,,0.997293221950531,0.00048715865333609867,0.11322641670703888,0.02605837318199835,0.9600085973739624,0.014292900652837781,0.225923815369606,0.046142185615295386,0.9016852378845215,0.030532101104045563,0.32273553013801576,0.035379541208833194,,,,,387.4142127064988,36.86673587144687
fashion_mnist,classification,traditional_field_relu,Traditional neuron + Lambda-Psi + ReLU,f7ac98375620,0,1,1,0.5,0.5,100,128,256,192,128,0.0001,0.0,0.003,best_val_accuracy_pct_mean,max,5,5,5,1,0.30823077626228335,0.009153331937907313,89.936,0.26130442016927335,99.876,0.03577708764000342,,,,,,,,,,,,,0.30577651453495025,0.005814887945473637,89.378,0.5526934050628801,99.828,0.024899799195979073,,,,,,,,,,,,,0.5718210577964783,0.026674459094696585,0.5337955117225647,0.008597492411829956,0.660267996788025,0.01770105276997946,0.47379915714263915,0.008871124200804619,0.7253251552581788,0.009512747483788265,0.46314826011657717,0.01274355650036495,,,,,305.38907167902215,80.97040470679448
fashion_mnist,classification,traditional_relu_field,Traditional neuron + ReLU + Lambda-Psi,cdeb56b60c6d,0,1,1,0.5,0.5,100,128,256,192,128,0.0001,0.0,0.001,best_val_accuracy_pct_mean,max,5,5,5,1,0.2956981764125824,0.008939942426658682,89.812,0.39002564018279395,99.86399999999999,0.0433589667773611,,,,,,,,,,,,,0.30826426453590394,0.00972294611734074,89.16,0.4987484335814988,99.85799999999999,0.021679483388681697,,,,,,,,,,,,,0.24451358020305633,0.029767403049087593,0.18346930742263795,0.027138346016125803,0.32943681478500364,0.01377703841636765,0.18198834359645844,0.02195311524343176,0.3540614664554596,0.005087469313939714,0.23538557589054107,0.02445059424936811,,,,,378.3149460145738,90.86535007358016
mnist,classification,aptx_field,APTx Neuron + Lambda-Psi,db271a5801f6,0,1,1,0.5,0.5,50,128,256,128,64,0.0001,0.0,0.003,best_val_accuracy_pct_mean,max,5,5,5,1,0.05243847015321255,0.00534380314366063,98.548,0.18525657883055416,99.992,0.010954451150101142,,,,,,,,,,,,,0.04403187909935019,0.006112828782324531,98.564,0.18474306482247335,99.99,0.0070710678118640685,,,,,,,,,,,,,0.8484214425086976,0.0025722852841204213,0.7571645140647888,0.009520401835814339,0.8788480043411255,0.0009255373229513047,0.7681758165359497,0.012948413818524433,0.8909715175628662,0.0021036566140194453,0.80500727891922,0.009269610711525999,,,,,204.88390683820472,44.839782364887945
mnist,classification,aptx_field_relu,APTx Neuron + Lambda-Psi + ReLU,19616d62aa52,0,1,1,0.5,0.5,50,128,256,128,64,0.0001,0.0,0.0005,best_val_accuracy_pct_mean,max,5,5,5,1,0.29301627385139467,0.17631664391335733,92.33200000000001,3.8341257152054915,99.49199999999999,0.38796907093220334,,,,,,,,,,,,,0.26891637654423717,0.16303109461530052,92.79400000000001,3.4628283237838953,99.624,0.2645373319590273,,,,,,,,,,,,,0.6759991407394409,0.042816123384472785,0.6359570741653442,0.03214768983640468,0.6864739298820496,0.04799021033155596,0.6191664218902588,0.028276439516536273,0.6872752070426941,0.04633839575141265,0.5346460819244385,0.004165190111832278,,,,,265.54669008101337,6.3958477414720365
mnist,classification,aptx_relu_field,APTx Neuron + ReLU + Lambda-Psi,d6060a004c0c,0,1,1,0.5,0.5,50,128,256,128,64,0.0001,0.0,0.002,best_val_accuracy_pct_mean,max,5,5,5,1,0.09339702662706376,0.04866622127333365,97.492,1.1078447544669832,99.896,0.147918896696806,,,,,,,,,,,,,0.0818602631793823,0.04493053230604733,97.578,0.9958764983671408,99.924,0.10406728592598441,,,,,,,,,,,,,0.7221669554710388,0.08161555364451033,0.49788352847099304,0.023952909352022878,0.7492713928222656,0.0982200958945068,0.5987332463264465,0.023708438637572195,0.769979739189148,0.08388204100002301,0.5307811439037323,0.05529774656610932,,,,,231.98702133563347,30.966857102550552
mnist,classification,traditional_field,Traditional neuron + Lambda-Psi,9d758a22d740,0,1,1,0.5,0.5,50,128,256,128,64,0.0001,0.0,0.001,best_val_accuracy_pct_mean,max,5,5,5,1,0.0514794136172533,0.005661246970150721,98.42,0.1928730152198609,99.992,0.010954451150101142,,,,,,,,,,,,,0.04433876247029751,0.006393779308043564,98.578,0.18912958520548823,99.974,0.02073644135332702,,,,,,,,,,,,,0.9821488380432128,0.0032461558515904667,0.23694218099117278,0.010264719146433872,0.4791164815425873,0.011133916035900953,0.23653516173362732,0.011742083330023911,0.34157451391220095,0.011838439721481533,0.2186848372220993,0.015329274221296048,,,,,192.56011813040823,41.69117988713382
mnist,classification,traditional_field_relu,Traditional neuron + Lambda-Psi + ReLU,47aaea2c71d0,0,1,1,0.5,0.5,50,128,256,128,64,0.0001,0.0,0.002,best_val_accuracy_pct_mean,max,5,5,5,1,0.04119501712940633,0.002536502258908122,98.94,0.06324555320336624,99.99600000000001,0.00894427190999738,,,,,,,,,,,,,0.036088043947401456,0.002551219563474011,98.91600000000001,0.05412947441089454,99.994,0.005477225575054463,,,,,,,,,,,,,0.3520824909210205,0.006881936831021403,0.3923885107040405,0.004578460033334193,0.40063744187355044,0.010890458444028476,0.36994132995605467,0.006349773585195023,0.39687021970748904,0.007924248058422241,0.35361899733543395,0.005588918091348326,,,,,201.52899602619,16.080143606483553
mnist,classification,traditional_relu_field,Traditional neuron + ReLU + Lambda-Psi,2d38c17352ee,0,1,1,0.5,0.5,50,128,256,128,64,0.0001,0.0,0.001,best_val_accuracy_pct_mean,max,5,5,5,1,0.04664824263930321,0.004245109058258654,98.696,0.13069047402163522,99.97999999999999,0.028284271247461298,,,,,,,,,,,,,0.04147096127081546,0.0026006171370573455,98.7,0.08306623862918133,99.986,0.01673320053067776,,,,,,,,,,,,,0.22980465590953827,0.007854186019763792,0.26074439883232114,0.010731782992905078,0.27653292417526243,0.009917666141392834,0.20925025641918182,0.011576141190353413,0.2757765769958496,0.007836658021679026,0.23422241508960723,0.00799756846593695,,,,,236.09704373483547,67.76637060007292
